iBus,busID,iStop,arrTime,vacancy,paxDemand,paxAlight,paxWait,paxBoard,paxRemain,newVacancy,avgWaitTime
1,10000,1,1,65,0,0,0,0,0,65,0
1,10000,2,164,65,0,0,0,0,0,65,0
1,10000,3,264,65,0,0,0,0,0,65,0
1,10000,4,357,65,3,0,3,3,0,62,0
1,10000,5,600,62,4,3,4,4,0,61,0
1,10000,6,692,61,0,1,0,0,0,62,0
1,10000,7,740,62,1,2,1,1,0,63,0
1,10000,8,825,63,0,1,0,0,0,64,0
1,10000,9,873,64,2,0,2,2,0,62,0
1,10000,10,963,62,5,1,5,5,0,58,0
1,10000,11,1320,58,4,0,4,4,0,54,0
1,10000,12,1397,54,1,1,1,1,0,54,0
1,10000,13,1439,54,6,4,6,6,0,52,0
1,10000,14,1680,52,3,0,3,3,0,49,0
1,10000,15,1739,49,11,0,11,11,0,38,0
1,10000,16,1824,38,16,3,16,16,0,25,0
1,10000,17,1935,25,8,0,8,8,0,17,0
1,10000,18,2008,17,15,18,15,15,0,20,0
2,20000,1,600,65,0,0,0,0,0,65,NaN
2,20000,2,753,65,1,0,1,1,0,64,294.5
2,20000,3,852,64,1,0,1,1,0,63,294
2,20000,4,944,63,2,0,2,2,0,61,293.5
2,20000,5,1200,61,4,2,4,4,0,59,300
2,20000,6,1287,59,0,3,0,0,0,62,NaN
2,20000,7,1336,62,1,3,1,1,0,64,298
2,20000,8,1422,64,0,1,0,0,0,65,NaN
2,20000,9,1467,65,2,0,2,2,0,63,297
2,20000,10,1554,63,2,0,2,2,0,61,295.5
2,20000,11,1920,61,1,1,1,1,0,61,300
2,20000,12,1991,61,1,0,1,1,0,60,297
2,20000,13,2030,60,2,1,2,2,0,59,295.5
2,20000,14,2280,59,2,1,2,2,0,58,300
2,20000,15,2337,58,0,0,0,0,0,58,NaN
2,20000,16,2397,58,9,2,9,9,0,51,286.5
2,20000,17,2489,51,0,1,0,0,0,52,NaN
2,20000,18,2548,52,2,3,2,2,0,53,270
3,30000,1,1200,65,1,0,1,1,0,64,300
3,30000,2,1351,64,2,0,2,2,0,62,299
3,30000,3,1449,62,5,0,5,5,0,57,298.5
3,30000,4,1546,57,4,1,4,4,0,54,301
3,30000,5,1800,54,0,2,0,0,0,56,NaN
3,30000,6,1876,56,0,1,0,0,0,57,NaN
3,30000,7,1918,57,1,2,1,1,0,58,291
3,30000,8,2000,58,0,0,0,0,0,58,NaN
3,30000,9,2040,58,1,0,1,1,0,57,286.5
3,30000,10,2122,57,0,0,0,0,0,57,NaN
3,30000,11,2520,57,0,0,0,0,0,57,NaN
3,30000,12,2587,57,4,0,4,4,0,53,298
3,30000,13,2633,53,3,0,3,3,0,50,301.5
3,30000,14,2880,50,1,0,1,1,0,49,300
3,30000,15,2938,49,4,0,4,4,0,45,300.5
3,30000,16,3017,45,3,1,3,3,0,43,310
3,30000,17,3112,43,4,1,4,4,0,40,311.5
3,30000,18,3183,40,3,5,3,3,0,42,317.5
4,40000,1,1800,65,0,0,0,0,0,65,NaN
4,40000,2,1944,65,1,0,1,1,0,64,296.5
4,40000,3,2037,64,0,0,0,0,0,64,NaN
4,40000,4,2121,64,3,0,3,3,0,61,287.5
4,40000,5,2400,61,3,3,3,3,0,61,300
4,40000,6,2481,61,0,0,0,0,0,61,NaN
4,40000,7,2520,61,4,2,4,4,0,59,301
4,40000,8,2608,59,0,2,0,0,0,61,NaN
4,40000,9,2654,61,1,1,1,1,0,61,307
4,40000,10,2741,61,0,0,0,0,0,61,NaN
4,40000,11,3120,61,2,1,2,2,0,60,300
4,40000,12,3197,60,1,3,1,1,0,62,305
4,40000,13,3246,62,2,1,2,2,0,61,306.5
4,40000,14,3480,61,2,0,2,2,0,59,300
4,40000,15,3539,59,4,0,4,4,0,55,300.5
4,40000,16,3614,55,3,1,3,3,0,53,298.5
4,40000,17,3701,53,2,0,2,2,0,51,294.5
4,40000,18,3765,51,6,5,6,6,0,50,291
5,10001,1,2400,20,1,1,1,1,0,20,300
5,10001,2,2544,20,0,0,0,0,0,20,NaN
5,10001,3,2636,20,0,0,0,0,0,20,NaN
5,10001,4,2723,20,3,1,3,3,0,18,301
5,10001,5,3000,18,6,8,6,6,0,20,300
5,10001,6,3109,20,0,3,0,0,0,23,NaN
5,10001,7,3163,23,1,2,1,1,0,24,321.5
5,10001,8,3249,24,0,3,0,0,0,27,NaN
5,10001,9,3303,27,4,1,4,4,0,24,324.5
5,10001,10,3400,24,1,1,1,1,0,24,329.5
5,10001,11,3720,24,5,0,5,5,0,19,300
5,10001,12,3800,19,1,0,1,1,0,18,301.5
5,10001,13,3843,18,5,0,5,5,0,13,298.5
5,10001,14,4080,13,0,1,0,0,0,14,NaN
5,10001,15,4140,14,2,0,2,2,0,12,300.5
5,10001,16,4218,12,7,1,7,7,0,6,302
5,10001,17,4325,6,4,0,4,4,0,2,312
5,10001,18,4397,2,9,7,9,9,0,0,316
6,20001,1,3000,53,6,12,6,6,0,59,300
6,20001,2,3194,59,4,0,4,4,0,55,325
6,20001,3,3301,55,7,0,7,7,0,48,332.5
6,20001,4,3406,48,18,2,18,18,0,32,341.5
6,20001,5,3600,32,12,12,12,12,0,32,300
6,20001,6,3723,32,1,5,1,1,0,36,307
6,20001,7,3780,36,7,13,7,7,0,42,308.5
6,20001,8,3900,42,1,11,1,1,0,52,325.5
6,20001,9,3974,52,9,3,9,9,0,46,335.5
6,20001,10,4089,46,6,2,6,6,0,42,344.5
6,20001,11,4320,42,11,2,11,11,0,33,300
6,20001,12,4420,33,8,4,8,8,0,29,310
6,20001,13,4488,29,17,6,17,17,0,18,322.5
6,20001,14,4736,18,9,2,9,9,0,11,328
6,20001,15,4818,11,23,0,23,11,12,0,339
6,20001,16,4917,0,39,9,39,9,30,0,349.5
6,20001,17,5046,0,17,2,17,2,15,0,360.5
6,20001,18,5118,0,33,34,33,33,0,1,360.5
7,30001,1,3600,42,1,23,1,1,0,64,300
7,30001,2,3797,64,4,0,4,4,0,60,301.5
7,30001,3,3904,60,6,0,6,6,0,54,301.5
7,30001,4,4010,54,12,2,12,12,0,44,302
7,30001,5,4200,44,13,15,13,13,0,46,300
7,30001,6,4340,46,2,7,2,2,0,51,308.5
7,30001,7,4411,51,7,14,7,7,0,58,315.5
7,30001,8,4536,58,1,7,1,1,0,64,318
7,30001,9,4607,64,8,1,8,8,0,57,316.5
7,30001,10,4721,57,6,2,6,6,0,53,316
7,30001,11,4920,53,10,2,10,10,0,45,300
7,30001,12,5018,45,7,3,7,7,0,41,299
7,30001,13,5082,41,14,5,14,14,0,32,297
7,30001,14,5317,32,6,2,6,6,0,28,290.5
7,30001,15,5390,28,18,0,30,28,2,0,408.57
7,30001,16,5518,0,29,7,59,7,52,0,601
7,30001,17,5629,0,15,2,30,2,28,0,583
7,30001,18,5696,0,30,29,30,29,1,0,289
8,40001,1,4200,50,1,15,1,1,0,64,300
8,40001,2,4394,64,7,0,7,7,0,57,298.5
8,40001,3,4513,57,9,0,9,9,0,48,304.5
8,40001,4,4630,48,19,2,19,19,0,31,310
8,40001,5,4803,31,18,17,18,18,0,30,301.5
8,40001,6,4959,30,2,11,2,2,0,39,309.5
8,40001,7,5038,39,8,19,8,8,0,50,313.5
8,40001,8,5174,50,3,12,3,3,0,59,319
8,40001,9,5256,59,10,6,10,10,0,55,324.5
8,40001,10,5379,55,11,3,11,11,0,47,329
8,40001,11,5520,47,12,2,12,12,0,37,300
8,40001,12,5619,37,7,3,7,7,0,33,300.5
8,40001,13,5678,33,18,6,18,18,0,21,298
8,40001,14,5903,21,8,2,8,8,0,15,293
8,40001,15,5973,15,18,0,20,15,5,0,330.37
8,40001,16,6060,0,38,11,90,11,79,0,1143
8,40001,17,6173,0,18,2,46,2,44,0,1127
8,40001,18,6238,0,32,36,33,33,0,3,279.21
9,10002,1,4800,0,4,47,4,4,0,43,300
9,10002,2,5066,43,5,1,5,5,0,39,336
9,10002,3,5182,39,6,0,6,6,0,33,334.5
9,10002,4,5290,33,13,2,13,13,0,22,330
9,10002,5,5444,22,13,11,13,13,0,20,320.5
9,10002,6,5572,20,5,9,5,5,0,24,306.5
9,10002,7,5645,24,6,17,6,6,0,35,303.5
9,10002,8,5769,35,1,9,1,1,0,43,297.5
9,10002,9,5830,43,6,5,6,6,0,42,287
9,10002,10,5931,42,3,1,3,3,0,40,276
9,10002,11,6120,40,11,4,11,11,0,33,300
9,10002,12,6217,33,6,3,6,6,0,30,299
9,10002,13,6273,30,10,3,10,10,0,23,297.5
9,10002,14,6481,23,6,1,6,6,0,18,289
9,10002,15,6553,18,16,0,21,18,3,0,370.56
9,10002,16,6663,0,27,6,106,6,100,0,1746
9,10002,17,6773,0,14,1,58,1,57,0,1727
9,10002,18,6837,0,25,26,25,25,0,1,299.5
10,20002,1,5549,1,4,57,4,4,0,54,374.5
10,20002,2,5820,54,5,1,5,5,0,50,377
10,20002,3,5923,50,8,0,8,8,0,42,370.5
10,20002,4,6019,42,7,0,7,7,0,35,364.5
10,20002,5,6134,35,12,12,12,12,0,35,345
10,20002,6,6254,35,2,6,2,2,0,39,341
10,20002,7,6313,39,3,14,3,3,0,50,334
10,20002,8,6426,50,3,8,3,3,0,55,328.5
10,20002,9,6498,55,6,6,6,6,0,55,334
10,20002,10,6614,55,5,1,5,5,0,51,341.5
10,20002,11,6735,51,6,2,6,6,0,47,307.5
10,20002,12,6822,47,6,1,6,6,0,42,302.5
10,20002,13,6876,42,10,2,10,10,0,34,301.5
10,20002,14,7080,34,6,0,6,6,0,28,299.5
10,20002,15,7143,28,13,0,16,16,0,12,350.31
10,20002,16,7233,12,18,7,118,19,99,0,1904.8
10,20002,17,7365,0,11,0,68,0,68,0,NaN
10,20002,18,7427,0,20,19,20,19,1,0,295
11,30002,1,6080,0,3,40,3,3,0,37,265.5
11,30002,2,6310,37,3,1,3,3,0,35,245
11,30002,3,6415,35,10,0,10,10,0,25,246
11,30002,4,6529,25,15,1,15,15,0,11,255
11,30002,5,6687,11,18,16,18,18,0,9,276.5
11,30002,6,6833,9,8,12,8,8,0,13,289.5
11,30002,7,6916,13,5,24,5,5,0,32,301.5
11,30002,8,7050,32,4,7,4,4,0,35,312
11,30002,9,7110,35,7,10,7,7,0,38,306
11,30002,10,7221,38,5,3,5,5,0,36,303.5
11,30002,11,7329,36,12,4,12,12,0,28,297
11,30002,12,7433,28,7,4,7,7,0,25,305.5
11,30002,13,7496,25,12,6,12,12,0,19,310
11,30002,14,7718,19,8,2,8,8,0,13,319
11,30002,15,7792,13,16,0,16,13,3,0,324.5
11,30002,16,7882,0,30,9,129,9,120,0,2364
11,30002,17,7990,0,18,3,86,3,83,0,2944
11,30002,18,8058,0,24,29,25,25,0,4,328.12
12,40002,1,6663,3,7,28,7,7,0,24,291.5
12,40002,2,6888,24,6,1,6,6,0,19,289
12,40002,3,6996,19,9,0,9,9,0,10,290.5
12,40002,4,7098,10,8,1,8,8,0,3,284.5
12,40002,5,7219,3,12,8,12,11,1,0,266
12,40002,6,7330,0,4,8,4,4,0,4,248.5
12,40002,7,7403,4,4,17,4,4,0,17,243.5
12,40002,8,7525,17,3,8,3,3,0,22,237.5
12,40002,9,7594,22,5,8,5,5,0,25,242
12,40002,10,7706,25,4,2,4,4,0,23,242.5
12,40002,11,7920,23,8,3,8,8,0,18,295.5
12,40002,12,8009,18,4,2,4,4,0,16,288
12,40002,13,8057,16,9,2,9,9,0,9,280.5
12,40002,14,8280,9,5,1,5,5,0,5,281
12,40002,15,8345,5,12,0,15,5,10,0,442.4
12,40002,16,8419,0,18,7,138,7,131,0,2901
12,40002,17,8525,0,10,0,93,0,93,0,NaN
12,40002,18,8584,0,19,17,19,17,2,0,263
13,10003,1,7212,1,8,20,8,8,0,13,274.5
13,10003,2,7416,13,3,1,3,3,0,11,264
13,10003,3,7524,11,3,0,3,3,0,8,264
13,10003,4,7621,8,6,1,6,6,0,3,261.5
13,10003,5,7800,3,9,7,10,10,0,0,319.55
13,10003,6,7907,0,6,7,6,6,0,1,288.5
13,10003,7,7972,1,3,15,3,3,0,13,284.5
13,10003,8,8083,13,4,6,4,4,0,15,279
13,10003,9,8142,15,1,7,1,1,0,21,274
13,10003,10,8238,21,2,1,2,2,0,20,266
13,10003,11,8520,20,5,2,5,5,0,17,300
13,10003,12,8604,17,4,1,4,4,0,14,297.5
13,10003,13,8654,14,4,3,4,4,0,13,298.5
13,10003,14,8880,13,4,1,4,4,0,10,300
13,10003,15,8947,10,9,0,19,10,9,0,602
13,10003,16,9040,0,16,5,147,5,142,0,2980
13,10003,17,9151,0,9,0,102,0,102,0,NaN
13,10003,18,9215,0,13,16,15,15,0,1,357.57
14,20003,1,7800,0,12,42,12,12,0,30,294
14,20003,2,8052,30,5,0,5,5,0,25,318
14,20003,3,8151,25,8,0,8,8,0,17,313.5
14,20003,4,8251,17,6,1,6,6,0,12,315
14,20003,5,8400,12,12,7,12,12,0,7,300
14,20003,6,8513,7,7,9,7,7,0,9,303
14,20003,7,8589,9,2,18,2,2,0,25,308.5
14,20003,8,8708,25,5,7,5,5,0,27,312.5
14,20003,9,8780,27,2,11,2,2,0,36,319
14,20003,10,8895,36,3,1,3,3,0,34,328.5
14,20003,11,9120,34,4,3,4,4,0,33,300
14,20003,12,9208,33,3,2,3,3,0,32,302
14,20003,13,9262,32,6,1,6,6,0,27,304
14,20003,14,9480,27,5,0,5,5,0,22,300
14,20003,15,9549,22,6,0,15,15,0,7,481.6
14,20003,16,9655,7,7,9,149,16,133,0,3595
14,20003,17,9797,0,6,2,108,2,106,0,4751
14,20003,18,9868,0,15,15,15,15,0,0,326.5
15,30003,1,8433,4,11,61,11,11,0,54,316.5
15,30003,2,8729,54,6,3,6,6,0,51,338.5
15,30003,3,8846,51,10,0,10,10,0,41,347.5
15,30003,4,8960,41,12,1,12,12,0,30,354.5
15,30003,5,9110,30,23,14,23,23,0,21,355
15,30003,6,9269,21,13,21,13,13,0,29,378
15,30003,7,9392,29,4,36,4,4,0,61,401.5
15,30003,8,9555,61,10,4,10,10,0,55,423.5
15,30003,9,9637,55,7,10,7,7,0,58,428.5
15,30003,10,9765,58,5,6,5,5,0,59,435
15,30003,11,9899,59,12,6,12,12,0,53,389.5
15,30003,12,10008,53,5,1,5,5,0,49,400
15,30003,13,10063,49,9,3,9,9,0,43,400.5
15,30003,14,10281,43,7,2,7,7,0,38,400.5
15,30003,15,10356,38,14,0,14,14,0,24,403.5
15,30003,16,10454,24,27,12,160,36,124,0,4075.8
15,30003,17,10632,0,20,1,126,1,125,0,5586
15,30003,18,10696,0,19,19,19,19,0,0,414
16,40003,1,9000,0,9,46,9,9,0,37,283.5
16,40003,2,9273,37,5,1,5,5,0,33,272
16,40003,3,9392,33,9,0,9,9,0,24,273
16,40003,4,9509,24,5,0,5,5,0,19,274.5
16,40003,5,9648,19,11,6,11,11,0,14,269
16,40003,6,9766,14,7,10,7,7,0,17,248.5
16,40003,7,9852,17,1,21,1,1,0,37,230
16,40003,8,9978,37,3,5,3,3,0,39,211.5
16,40003,9,10045,39,1,11,1,1,0,49,204
16,40003,10,10160,49,0,0,0,0,0,49,NaN
16,40003,11,10320,49,3,1,3,3,0,47,210.5
16,40003,12,10399,47,3,1,3,3,0,45,195.5
16,40003,13,10448,45,2,1,2,2,0,44,192.5
16,40003,14,10680,44,6,0,6,6,0,38,199.5
16,40003,15,10747,38,4,0,4,4,0,34,195.5
16,40003,16,10821,34,7,5,131,39,92,0,3488.6
16,40003,17,10985,0,3,0,128,0,128,0,NaN
16,40003,18,11043,0,4,6,4,4,0,2,173.5
17,10004,1,9600,1,18,14,18,15,3,0,300
17,10004,2,9821,0,6,2,6,2,4,0,274
17,10004,3,9932,0,8,0,8,0,8,0,NaN
17,10004,4,10028,0,6,0,6,0,6,0,NaN
17,10004,5,10200,0,12,5,12,5,7,0,276
17,10004,6,10301,0,6,8,6,6,0,2,267.5
17,10004,7,10377,2,1,15,1,1,0,16,262.5
17,10004,8,10489,16,5,5,5,5,0,16,255.5
17,10004,9,10556,16,0,11,0,0,0,27,NaN
17,10004,10,10664,27,1,1,1,1,0,27,252
17,10004,11,10920,27,5,2,5,5,0,24,300
17,10004,12,11002,24,3,1,3,3,0,22,301.5
17,10004,13,11048,22,2,1,2,2,0,21,300
17,10004,14,11280,21,2,0,2,2,0,19,300
17,10004,15,11336,19,2,0,2,2,0,17,294.5
17,10004,16,11401,17,4,8,96,25,71,0,3347.2
17,10004,17,11537,0,6,0,134,0,134,0,NaN
17,10004,18,11594,0,5,8,5,5,0,3,275.5
18,20004,1,10226,0,5,25,8,8,0,17,430.38
18,20004,2,10449,17,6,2,10,10,0,9,439.6
18,20004,3,10571,9,11,0,19,9,10,0,603.5
18,20004,4,10679,0,4,0,10,0,10,0,NaN
18,20004,5,10800,0,13,9,20,9,11,0,533.33
18,20004,6,10911,0,11,14,11,11,0,3,305
18,20004,7,11002,3,0,28,0,0,0,31,NaN
18,20004,8,11135,31,8,7,8,8,0,30,323
18,20004,9,11205,30,2,13,2,2,0,41,324.5
18,20004,10,11315,41,1,3,1,1,0,43,325.5
18,20004,11,11520,43,3,5,3,3,0,45,300
18,20004,12,11603,45,1,0,1,1,0,44,300.5
18,20004,13,11642,44,2,0,2,2,0,42,297
18,20004,14,11880,42,6,0,6,6,0,36,300
18,20004,15,11946,36,6,0,6,6,0,30,305
18,20004,16,12024,30,8,7,79,37,42,0,2882.6
18,20004,17,12191,0,6,0,140,0,140,0,NaN
18,20004,18,12250,0,4,5,4,4,0,1,328
19,30004,1,11051,0,11,38,11,11,0,27,412.5
19,30004,2,11293,27,10,3,10,10,0,20,422
19,30004,3,11409,20,14,1,24,21,3,0,618.52
19,30004,4,11536,0,9,0,19,0,19,0,NaN
19,30004,5,11643,0,18,9,29,9,20,0,843
19,30004,6,11751,0,19,20,19,19,0,1,420
19,30004,7,11871,1,2,47,2,2,0,46,434.5
19,30004,8,12047,46,15,12,15,15,0,43,456
19,30004,9,12146,43,0,22,0,0,0,65,NaN
19,30004,10,12275,65,0,0,0,0,0,65,NaN
19,30004,11,12376,65,8,0,8,8,0,57,428
19,30004,12,12462,57,3,0,3,3,0,54,429.5
19,30004,13,12508,54,0,0,0,0,0,54,NaN
19,30004,14,12692,54,6,0,6,6,0,48,406
19,30004,15,12759,48,4,0,4,4,0,44,406.5
19,30004,16,12836,44,7,13,49,49,0,8,1713.7
19,30004,17,13037,8,12,0,152,8,144,0,7699.5
19,30004,18,13110,0,7,3,7,3,4,0,430
20,40004,1,11400,2,1,23,1,1,0,24,174.5
20,40004,2,11589,24,1,1,1,1,0,24,148
20,40004,3,11684,24,5,3,8,8,0,19,189.06
20,40004,4,11792,19,0,2,19,19,0,2,912.63
20,40004,5,12000,2,11,4,31,6,25,0,638
20,40004,6,12095,0,6,7,6,6,0,1,172
20,40004,7,12165,1,0,12,0,0,0,13,NaN
20,40004,8,12267,13,2,0,2,2,0,11,110
20,40004,9,12316,11,1,8,1,1,0,18,85
20,40004,10,12420,18,0,0,0,0,0,18,NaN
20,40004,11,12720,18,2,3,2,2,0,19,172
20,40004,12,12800,19,2,0,2,2,0,17,169
20,40004,13,12844,17,2,0,2,2,0,15,168
20,40004,14,13080,15,4,0,4,4,0,11,194
20,40004,15,13140,11,2,1,2,2,0,10,190.5
20,40004,16,13211,10,5,6,5,5,0,11,187.5
20,40004,17,13314,11,4,0,148,11,137,0,7685
20,40004,18,13398,0,1,1,5,1,4,0,288
21,10005,1,12000,3,8,30,8,8,0,25,300
21,10005,2,12226,25,2,2,2,2,0,25,318.5
21,10005,3,12330,25,7,4,7,7,0,22,323
21,10005,4,12441,22,5,6,5,5,0,23,324.5
21,10005,5,12600,23,7,4,32,27,5,0,762.89
21,10005,6,12740,0,7,8,7,7,0,1,322.5
21,10005,7,12816,1,2,13,2,2,0,12,325.5
21,10005,8,12924,12,5,4,5,5,0,11,328.5
21,10005,9,12986,11,1,9,1,1,0,19,335
21,10005,10,13088,19,0,2,0,0,0,21,NaN
21,10005,11,13320,21,4,2,4,4,0,19,300
21,10005,12,13404,19,1,0,1,1,0,18,302
21,10005,13,13449,18,1,1,1,1,0,18,302.5
21,10005,14,13680,18,4,0,4,4,0,14,300
21,10005,15,13749,14,8,2,8,8,0,8,304.5
21,10005,16,13847,8,5,9,5,5,0,12,318
21,10005,17,13968,12,4,1,141,13,128,0,7795
21,10005,18,14059,0,3,2,7,2,5,0,949
22,20005,1,12600,1,14,38,14,14,0,25,300
22,20005,2,12857,25,2,2,2,2,0,25,315.5
22,20005,3,12961,25,8,8,8,8,0,25,315.5
22,20005,4,13079,25,5,7,5,5,0,27,319
22,20005,5,13212,27,8,9,13,13,0,23,423.69
22,20005,6,13334,23,6,9,6,6,0,26,297
22,20005,7,13413,26,2,13,2,2,0,37,298.5
22,20005,8,13526,37,11,2,11,11,0,28,301
22,20005,9,13609,28,7,10,7,7,0,31,311.5
22,20005,10,13742,31,0,0,0,0,0,31,NaN
22,20005,11,13920,31,4,2,4,4,0,29,300
22,20005,12,14006,29,0,0,0,0,0,29,NaN
22,20005,13,14049,29,7,2,7,7,0,24,300
22,20005,14,14280,24,7,0,7,7,0,17,300
22,20005,15,14350,17,4,3,4,4,0,16,300.5
22,20005,16,14434,16,7,8,7,7,0,17,293.5
22,20005,17,14548,17,2,1,130,18,112,0,7941.7
22,20005,18,14647,0,4,2,9,2,7,0,1393
23,30005,1,13396,0,56,31,56,31,25,0,398
23,30005,2,13687,0,0,5,0,0,0,5,NaN
23,30005,3,13805,5,10,21,10,10,0,16,422
23,30005,4,13966,16,12,16,12,12,0,20,443.5
23,30005,5,14145,20,19,15,19,19,0,16,466.5
23,30005,6,14291,16,8,12,8,8,0,20,478.5
23,30005,7,14377,20,11,19,11,11,0,28,482
23,30005,8,14517,28,15,5,15,15,0,18,495.5
23,30005,9,14605,18,10,22,10,10,0,30,498
23,30005,10,14758,30,0,0,0,0,0,30,NaN
23,30005,11,14864,30,6,10,6,6,0,34,472
23,30005,12,14968,34,0,0,0,0,0,34,NaN
23,30005,13,15010,34,14,3,14,14,0,23,480.5
23,30005,14,15239,23,14,1,14,14,0,10,479.5
23,30005,15,15330,10,24,8,24,18,6,0,490
23,30005,16,15461,0,13,21,13,13,0,8,513.5
23,30005,17,15623,8,11,4,123,12,111,0,8307.3
23,30005,18,15718,0,16,10,23,10,13,0,1086.8
24,40005,1,13800,0,14,7,39,7,32,0,404
24,40005,2,13993,0,0,0,0,0,0,0,NaN
24,40005,3,14096,0,4,6,4,4,0,2,145.5
24,40005,4,14210,2,2,3,2,2,0,3,122
24,40005,5,14400,3,2,1,2,2,0,2,127.5
24,40005,6,14485,2,1,2,1,1,0,3,97
24,40005,7,14538,3,5,4,5,5,0,2,80.5
24,40005,8,14636,2,1,0,1,1,0,1,59.5
24,40005,9,14687,1,0,1,0,0,0,2,NaN
24,40005,10,14778,2,0,0,0,0,0,2,NaN
24,40005,11,15120,2,4,2,4,4,0,0,128
24,40005,12,15206,0,0,0,0,0,0,0,NaN
24,40005,13,15251,0,5,1,5,1,4,0,120.5
24,40005,14,15480,0,3,0,3,0,3,0,NaN
24,40005,15,15540,0,4,0,10,0,10,0,NaN
24,40005,16,15616,0,4,5,4,4,0,1,77.5
24,40005,17,15725,1,0,0,111,1,110,0,7735
24,40005,18,15789,0,2,0,15,0,15,0,NaN
25,10006,1,14400,0,9,18,41,18,23,0,1004
25,10006,2,14627,0,1,4,1,1,0,3,317
25,10006,3,14737,3,10,4,10,7,3,0,320.5
25,10006,4,14852,0,5,5,5,5,0,0,321
25,10006,5,15000,0,10,6,10,6,4,0,300
25,10006,6,15106,0,3,1,3,1,2,0,310.5
25,10006,7,15162,0,19,9,19,9,10,0,312
25,10006,8,15282,0,5,1,5,1,4,0,323
25,10006,9,15345,0,2,10,2,2,0,8,329
25,10006,10,15467,8,3,0,3,3,0,5,344.5
25,10006,11,15720,5,1,2,1,1,0,6,300
25,10006,12,15798,6,0,0,0,0,0,6,NaN
25,10006,13,15839,6,6,3,10,9,1,0,424.67
25,10006,14,16080,0,7,3,10,3,7,0,600
25,10006,15,16145,0,6,3,16,3,13,0,815
25,10006,16,16221,0,8,11,8,8,0,3,302.5
25,10006,17,16333,3,3,3,113,6,107,0,8343
25,10006,18,16409,0,3,2,18,2,16,0,691
26,20006,1,15000,0,15,23,38,23,15,0,965.22
26,20006,2,15254,0,2,7,2,2,0,5,313.5
26,20006,3,15381,5,16,4,19,9,10,0,429.33
26,20006,4,15509,0,6,3,6,3,3,0,328.5
26,20006,5,15650,0,13,7,17,7,10,0,510.71
26,20006,6,15760,0,4,4,6,4,2,0,490.5
26,20006,7,15824,0,28,15,38,15,23,0,551.67
26,20006,8,15964,0,10,3,14,3,11,0,682
26,20006,9,16021,0,4,12,4,4,0,8,338
26,20006,10,16137,8,3,2,3,3,0,7,335
26,20006,11,16320,7,3,4,3,3,0,8,300
26,20006,12,16402,8,0,0,0,0,0,8,NaN
26,20006,13,16440,8,7,3,8,8,0,3,338.06
26,20006,14,16680,3,8,4,15,7,8,0,600
26,20006,15,16757,0,6,5,19,5,14,0,1343
26,20006,16,16845,0,10,10,10,10,0,0,312
26,20006,17,16965,0,7,2,114,2,112,0,8975
26,20006,18,17032,0,5,1,21,1,20,0,1314
27,30006,1,16051,0,23,39,38,38,0,1,732.93
27,30006,2,16349,1,3,10,3,3,0,8,547.5
27,30006,3,16469,8,22,2,32,10,22,0,1088
27,30006,4,16581,0,7,2,10,2,8,0,1072
27,30006,5,16704,0,21,8,31,8,23,0,1054
27,30006,6,16814,0,3,5,5,5,0,0,737.8
27,30006,7,16879,0,63,24,86,24,62,0,1033
27,30006,8,17053,0,14,5,25,5,20,0,1225.4
27,30006,9,17117,0,0,19,0,0,0,19,NaN
27,30006,10,17238,19,7,4,7,7,0,16,550.5
27,30006,11,17356,16,3,2,3,3,0,15,518
27,30006,12,17433,15,0,0,0,0,0,15,NaN
27,30006,13,17470,15,9,5,9,9,0,11,515
27,30006,14,17675,11,10,9,18,18,0,2,718.61
27,30006,15,17786,2,4,8,18,10,8,0,1639.6
27,30006,16,17899,0,15,17,15,15,0,2,527
27,30006,17,18066,2,10,7,122,9,113,0,10076
27,30006,18,18167,0,1,1,21,1,20,0,2449
28,40006,1,16200,0,8,3,8,3,5,0,74.5
28,40006,2,16356,0,0,0,0,0,0,0,NaN
28,40006,3,16472,0,1,0,23,0,23,0,NaN
28,40006,4,16584,0,0,0,8,0,8,0,NaN
28,40006,5,16800,0,2,1,25,1,24,0,1150
28,40006,6,16881,0,1,0,1,0,1,0,NaN
28,40006,7,16925,0,2,1,64,1,63,0,46
28,40006,8,17056,0,0,0,20,0,20,0,NaN
28,40006,9,17120,0,0,0,0,0,0,0,NaN
28,40006,10,17241,0,0,0,0,0,0,0,NaN
28,40006,11,17520,0,1,3,1,1,0,2,82
28,40006,12,17596,2,1,0,1,1,0,1,81.5
28,40006,13,17638,1,1,2,1,1,0,2,84
28,40006,14,17880,2,2,3,2,2,0,3,102.5
28,40006,15,17951,3,0,0,8,3,5,0,1194
28,40006,16,18039,0,3,1,3,1,2,0,70
28,40006,17,18149,0,1,0,114,0,114,0,NaN
28,40006,18,18218,0,0,0,20,0,20,0,NaN
29,10007,1,16800,0,35,7,40,7,33,0,514.29
29,10007,2,16979,0,1,5,1,1,0,4,311.5
29,10007,3,17087,4,11,5,34,9,25,0,618
29,10007,4,17202,0,2,3,10,3,7,0,978.33
29,10007,5,17400,0,7,6,31,6,25,0,871.67
29,10007,6,17496,0,1,2,2,2,0,0,461.25
29,10007,7,17546,0,22,16,85,16,69,0,667
29,10007,8,17689,0,8,3,28,3,25,0,1725
29,10007,9,17751,0,2,7,2,2,0,5,315.5
29,10007,10,17862,5,3,5,3,3,0,7,310.5
29,10007,11,18120,7,1,3,1,1,0,9,300
29,10007,12,18207,9,1,1,1,1,0,9,305.5
29,10007,13,18259,9,3,0,3,3,0,6,310.5
29,10007,14,18480,6,7,3,7,7,0,2,300
29,10007,15,18556,2,1,3,6,5,1,0,975.8
29,10007,16,18640,0,5,11,7,7,0,4,386.36
29,10007,17,18755,4,2,8,116,12,104,0,10126
29,10007,18,18854,0,1,2,21,2,19,0,3136
30,20007,1,17400,0,22,23,55,23,32,0,600
30,20007,2,17638,0,1,6,1,1,0,5,329.5
30,20007,3,17751,5,12,9,37,14,23,0,1281.8
30,20007,4,17895,0,3,11,10,10,0,1,899.55
30,20007,5,18073,1,8,13,33,14,19,0,1369
30,20007,6,18222,0,2,8,2,2,0,6,363
30,20007,7,18302,6,21,20,90,26,64,0,1423
30,20007,8,18476,0,16,7,41,7,34,0,1889.7
30,20007,9,18551,0,3,10,3,3,0,7,400
30,20007,10,18663,7,4,4,4,4,0,7,400.5
30,20007,11,18779,7,1,5,1,1,0,11,329.5
30,20007,12,18860,11,2,1,2,2,0,10,326.5
30,20007,13,18904,10,3,4,3,3,0,11,322.5
30,20007,14,19092,11,8,4,8,8,0,7,306
30,20007,15,19167,7,1,3,2,2,0,8,458.25
30,20007,16,19237,8,3,22,3,3,0,27,298.5
30,20007,17,19357,27,3,12,107,39,68,0,9022.5
30,20007,18,19516,0,2,3,21,3,18,0,3798
31,30007,1,18501,0,19,25,51,25,26,0,1341
31,30007,2,18752,0,0,4,0,0,0,4,NaN
31,30007,3,18854,4,18,17,41,21,20,0,1450.8
31,30007,4,19015,0,4,8,4,4,0,4,560
31,30007,5,19145,4,9,20,28,24,4,0,1376.8
31,30007,6,19303,0,4,11,4,4,0,7,540.5
31,30007,7,19371,7,22,38,86,45,41,0,2100.6
31,30007,8,19613,0,19,14,53,14,39,0,2378.3
31,30007,9,19710,0,3,12,3,3,0,9,579.5
31,30007,10,19822,9,3,10,3,3,0,16,579.5
31,30007,11,19944,16,0,15,0,0,0,31,NaN
31,30007,12,20043,31,4,3,4,4,0,30,591.5
31,30007,13,20096,30,0,1,0,0,0,31,NaN
31,30007,14,20277,31,16,5,16,16,0,20,592.5
31,30007,15,20374,20,0,4,0,0,0,24,NaN
31,30007,16,20449,24,0,40,0,0,0,64,NaN
31,30007,17,20610,64,0,1,68,65,3,0,5558.4
31,30007,18,20804,0,4,11,22,11,11,0,4645.7
32,40007,1,18600,0,6,2,32,2,30,0,1200
32,40007,2,18759,0,0,1,0,0,0,1,NaN
32,40007,3,18855,1,0,0,20,1,19,0,1104
32,40007,4,19018,0,0,0,0,0,0,0,NaN
32,40007,5,19200,0,1,1,5,1,4,0,55
32,40007,6,19306,0,0,0,0,0,0,0,NaN
32,40007,7,19374,0,0,0,41,0,41,0,NaN
32,40007,8,19616,0,0,0,39,0,39,0,NaN
32,40007,9,19713,0,0,0,0,0,0,0,NaN
32,40007,10,19825,0,0,0,0,0,0,0,NaN
32,40007,11,19947,0,0,0,0,0,0,0,NaN
32,40007,12,20046,0,0,0,0,0,0,0,NaN
32,40007,13,20099,0,0,0,0,0,0,0,NaN
32,40007,14,20280,0,0,0,0,0,0,0,NaN
32,40007,15,20377,0,0,0,0,0,0,0,NaN
32,40007,16,20452,0,0,0,0,0,0,0,NaN
32,40007,17,20613,0,0,0,3,0,3,0,NaN
32,40007,18,20807,0,0,0,11,0,11,0,NaN
33,10008,1,19200,0,21,39,51,39,12,0,732.85
33,10008,2,19498,0,2,5,2,2,0,3,369.5
33,10008,3,19603,3,12,15,31,18,13,0,810.28
33,10008,4,19755,0,3,14,3,3,0,11,368.5
33,10008,5,19899,11,10,18,14,14,0,15,461.14
33,10008,6,20037,15,6,9,6,6,0,18,365.5
33,10008,7,20110,18,12,32,53,50,3,0,1078.4
33,10008,8,20353,0,14,11,53,11,42,0,2163.2
33,10008,9,20443,0,4,5,4,4,0,1,365
33,10008,10,20547,1,4,6,4,4,0,3,361
33,10008,11,20669,3,0,6,0,0,0,9,NaN
33,10008,12,20753,9,1,2,1,1,0,10,353.5
33,10008,13,20801,10,0,0,0,0,0,10,NaN
33,10008,14,20995,10,10,2,10,10,0,2,357.5
33,10008,15,21080,2,2,4,2,2,0,4,351.5
33,10008,16,21172,4,1,27,1,1,0,30,360
33,10008,17,21348,30,1,16,4,4,0,42,1585.1
33,10008,18,21471,42,4,5,15,15,0,32,1809.6
34,20008,1,19800,0,35,33,47,33,14,0,409.09
34,20008,2,20079,0,5,2,5,2,3,0,290.5
34,20008,3,20182,0,18,19,31,19,12,0,527
34,20008,4,20347,0,5,10,5,5,0,5,296
34,20008,5,20492,5,12,22,12,12,0,15,296.5
34,20008,6,20638,15,13,5,13,13,0,7,300.5
34,20008,7,20721,7,19,41,22,22,0,26,347.16
34,20008,8,20930,26,18,8,60,34,26,0,1487.4
34,20008,9,21070,0,8,6,8,6,2,0,313.5
34,20008,10,21192,0,7,7,7,7,0,0,322.5
34,20008,11,21360,0,0,6,0,0,0,6,NaN
34,20008,12,21464,6,1,1,1,1,0,6,355.5
34,20008,13,21533,6,0,0,0,0,0,6,NaN
34,20008,14,21812,6,18,7,18,13,5,0,408.5
34,20008,15,21929,0,8,6,8,6,2,0,424.5
34,20008,16,22064,0,3,33,3,3,0,30,446
34,20008,17,22278,30,8,14,8,8,0,36,465
34,20008,18,22402,36,10,7,10,10,0,33,465.5
35,30008,1,21146,0,69,39,83,39,44,0,914.59
35,30008,2,21507,0,12,2,15,2,13,0,1428
35,30008,3,21660,0,38,21,50,21,29,0,1161.3
35,30008,4,21880,0,9,20,9,9,0,11,766.5
35,30008,5,22119,11,30,44,30,30,0,25,813.5
35,30008,6,22383,25,37,3,37,28,9,0,872.5
35,30008,7,22527,0,44,65,44,44,0,21,903
35,30008,8,22842,21,49,26,75,47,28,0,1583.1
35,30008,9,23069,0,26,16,28,16,12,0,1124.4
35,30008,10,23255,0,17,14,17,14,3,0,1031.5
35,30008,11,23484,0,0,11,0,0,0,11,NaN
35,30008,12,23606,11,0,3,0,0,0,14,NaN
35,30008,13,23685,14,3,3,3,3,0,14,1076
35,30008,14,24024,14,55,21,60,35,25,0,1264
35,30008,15,24225,0,25,31,27,27,0,4,1233
35,30008,16,24470,4,8,51,8,8,0,47,1203
35,30008,17,24748,47,29,5,29,29,0,23,1235
35,30008,18,24899,23,39,8,39,31,8,0,1248.5
36,40008,1,21150,0,0,0,44,0,44,0,NaN
36,40008,2,21510,0,0,0,13,0,13,0,NaN
36,40008,3,21663,0,0,0,29,0,29,0,NaN
36,40008,4,21883,0,0,0,0,0,0,0,NaN
36,40008,5,22122,0,0,0,0,0,0,0,NaN
36,40008,6,22386,0,0,0,9,0,9,0,NaN
36,40008,7,22530,0,0,1,0,0,0,1,NaN
36,40008,8,22845,1,0,0,28,1,27,0,3
36,40008,9,23071,0,0,0,12,0,12,0,NaN
36,40008,10,23258,0,0,0,3,0,3,0,NaN
36,40008,11,23487,0,0,0,0,0,0,0,NaN
36,40008,12,23609,0,0,0,0,0,0,0,NaN
36,40008,13,23688,0,0,0,0,0,0,0,NaN
36,40008,14,24027,0,0,0,25,0,25,0,NaN
36,40008,15,24228,0,0,0,0,0,0,0,NaN
36,40008,16,24473,0,0,0,0,0,0,0,NaN
36,40008,17,24751,0,0,0,0,0,0,0,NaN
36,40008,18,24902,0,0,0,8,0,8,0,NaN
37,10009,1,21914,32,30,21,74,53,21,0,702.45
37,10009,2,22277,0,10,1,23,1,22,0,2198
37,10009,3,22417,0,16,17,45,17,28,0,757
37,10009,4,22613,0,8,14,8,8,0,6,365
37,10009,5,22827,6,24,31,24,24,0,13,352.5
37,10009,6,23049,13,20,1,29,14,15,0,546.54
37,10009,7,23158,0,21,51,21,21,0,30,314
37,10009,8,23404,30,19,11,46,41,5,0,465.54
37,10009,9,23614,0,4,7,16,7,9,0,545
37,10009,10,23796,0,3,7,6,6,0,1,405
37,10009,11,24043,1,0,4,0,0,0,5,NaN
37,10009,12,24157,5,0,3,0,0,0,8,NaN
37,10009,13,24237,8,2,1,2,2,0,7,274.5
37,10009,14,24556,7,8,5,33,12,21,0,532
37,10009,15,24671,0,4,6,4,4,0,2,221.5
37,10009,16,24808,2,1,6,1,1,0,7,167.5
37,10009,17,24971,7,5,0,5,5,0,2,110
37,10009,18,25062,2,3,1,11,3,8,0,163
38,20009,1,22812,33,30,32,51,51,0,14,633.88
38,20009,2,23182,14,11,2,33,16,17,0,1482.5
38,20009,3,23356,0,20,12,48,12,36,0,1696
38,20009,4,23547,0,10,14,10,10,0,4,467
38,20009,5,23809,4,28,34,28,28,0,10,491
38,20009,6,24085,10,26,4,41,14,27,0,1036
38,20009,7,24235,0,36,65,36,36,0,29,538.5
38,20009,8,24545,29,36,21,41,41,0,9,640.07
38,20009,9,24765,9,18,10,27,19,8,0,991.53
38,20009,10,24954,0,6,12,6,6,0,6,579
38,20009,11,25154,6,0,13,0,0,0,19,NaN
38,20009,12,25269,19,0,5,0,0,0,24,NaN
38,20009,13,25337,24,5,8,5,5,0,27,550
38,20009,14,25613,27,23,8,44,35,9,0,1043.2
38,20009,15,25780,0,11,13,11,11,0,2,554.5
38,20009,16,25960,2,5,28,5,5,0,25,576
38,20009,17,26103,25,15,4,15,15,0,14,566
38,20009,18,26214,14,17,5,25,19,6,0,861.42
39,30009,1,25364,0,127,65,127,65,62,0,1276
39,30009,2,25792,0,38,16,55,16,39,0,2949.4
39,30009,3,25954,0,40,31,76,31,45,0,3082.6
39,30009,4,26192,0,40,60,40,40,0,20,1322.5
39,30009,5,26596,20,70,45,70,65,5,0,1393.5
39,30009,6,26919,0,51,19,78,19,59,0,2888.5
39,30009,7,27051,0,74,65,74,65,9,0,1408
39,30009,8,27404,0,96,59,96,59,37,0,1429.5
39,30009,9,27732,0,33,46,41,41,0,5,1773
39,30009,10,28058,5,8,37,8,8,0,34,1552
39,30009,11,28349,34,0,31,0,0,0,65,NaN
39,30009,12,28496,65,0,0,0,0,0,65,NaN
39,30009,13,28545,65,36,0,36,36,0,29,1604
39,30009,14,28944,29,54,26,63,55,8,0,1938
39,30009,15,29163,0,30,38,30,30,0,8,1691.5
39,30009,16,29371,8,23,57,23,23,0,42,1705.5
39,30009,17,29618,42,65,21,65,63,2,0,1757.5
39,30009,18,29848,0,66,24,72,24,48,0,2271.3
40,40009,1,25367,0,0,0,62,0,62,0,NaN
40,40009,2,25794,0,0,0,39,0,39,0,NaN
40,40009,3,25958,0,0,0,45,0,45,0,NaN
40,40009,4,26195,0,0,0,0,0,0,0,NaN
40,40009,5,26600,0,0,0,5,0,5,0,NaN
40,40009,6,26922,0,0,0,59,0,59,0,NaN
40,40009,7,27054,0,0,0,9,0,9,0,NaN
40,40009,8,27407,0,0,0,37,0,37,0,NaN
40,40009,9,27735,0,0,0,0,0,0,0,NaN
40,40009,10,28061,0,0,0,0,0,0,0,NaN
40,40009,11,28352,0,0,0,0,0,0,0,NaN
40,40009,12,28500,0,0,0,0,0,0,0,NaN
40,40009,13,28549,0,0,1,0,0,0,1,NaN
40,40009,14,28947,1,0,0,8,1,7,0,3
40,40009,15,29166,0,0,0,0,0,0,0,NaN
40,40009,16,29374,0,0,0,0,0,0,0,NaN
40,40009,17,29621,0,0,0,2,0,2,0,NaN
40,40009,18,29851,0,0,0,48,0,48,0,NaN
41,10010,1,25452,0,4,3,66,3,63,0,88
41,10010,2,25797,0,0,0,39,0,39,0,NaN
41,10010,3,25961,0,0,0,45,0,45,0,NaN
41,10010,4,26198,0,0,0,0,0,0,0,NaN
41,10010,5,26603,0,0,0,5,0,5,0,NaN
41,10010,6,26924,0,0,0,59,0,59,0,NaN
41,10010,7,27057,0,0,0,9,0,9,0,NaN
41,10010,8,27410,0,0,1,37,1,36,0,6
41,10010,9,27738,0,0,0,0,0,0,0,NaN
41,10010,10,28064,0,0,0,0,0,0,0,NaN
41,10010,11,28356,0,0,0,0,0,0,0,NaN
41,10010,12,28503,0,0,0,0,0,0,0,NaN
41,10010,13,28551,0,0,1,0,0,0,1,NaN
41,10010,14,28950,1,0,1,7,2,5,0,6
41,10010,15,29169,0,0,0,0,0,0,0,NaN
41,10010,16,29377,0,0,0,0,0,0,0,NaN
41,10010,17,29624,0,0,0,2,0,2,0,NaN
41,10010,18,29854,0,0,0,48,0,48,0,NaN
42,20010,1,26620,0,61,14,124,14,110,0,1256
42,20010,2,26867,0,8,7,47,7,40,0,1447.9
42,20010,3,27021,0,10,5,55,5,50,0,3665
42,20010,4,27157,0,14,17,14,14,0,3,479.5
42,20010,5,27394,3,12,18,17,17,0,4,513.88
42,20010,6,27562,4,6,3,65,7,58,0,3477
42,20010,7,27628,0,15,30,24,24,0,6,394.81
42,20010,8,27836,6,12,8,48,14,34,0,432
42,20010,9,27969,0,3,4,3,3,0,1,115.5
42,20010,10,28135,1,0,1,0,0,0,2,NaN
42,20010,11,28359,2,0,0,0,0,0,2,NaN
42,20010,12,28506,2,0,0,0,0,0,2,NaN
42,20010,13,28554,2,0,0,0,0,0,2,NaN
42,20010,14,28953,2,0,0,5,2,3,0,9
42,20010,15,29172,0,0,0,0,0,0,0,NaN
42,20010,16,29380,0,0,0,0,0,0,0,NaN
42,20010,17,29627,0,0,0,2,0,2,0,NaN
42,20010,18,29857,0,0,0,48,0,48,0,NaN
43,30010,1,30237,0,192,65,302,65,237,0,4558.4
43,30010,2,30655,0,89,25,129,25,104,0,4863
43,30010,3,30856,0,63,65,113,65,48,0,4049.1
43,30010,4,31210,0,61,65,61,61,0,4,2026.5
43,30010,5,31584,4,91,61,91,65,26,0,2095
43,30010,6,31917,0,54,44,112,44,68,0,5062.4
43,30010,7,32142,0,93,65,93,65,28,0,2257
43,30010,8,32483,0,144,65,178,65,113,0,3685.1
43,30010,9,32793,0,51,65,51,51,0,14,2412
43,30010,10,33115,14,36,28,36,36,0,6,2490
43,30010,11,33351,6,39,42,39,39,0,9,2496
43,30010,12,33585,9,11,46,11,11,0,44,2539.5
43,30010,13,33741,44,50,21,50,50,0,15,2593.5
43,30010,14,34075,15,39,50,42,42,0,23,2744.6
43,30010,15,34316,23,6,39,6,6,0,56,2572
43,30010,16,34478,56,49,9,49,49,0,16,2549
43,30010,17,34681,16,55,49,57,57,0,8,2616
43,30010,18,34955,8,43,38,91,46,45,0,5107
44,40010,1,30240,0,1,1,238,1,237,0,3620
44,40010,2,30658,0,0,0,104,0,104,0,NaN
44,40010,3,30859,0,0,0,48,0,48,0,NaN
44,40010,4,31213,0,0,0,0,0,0,0,NaN
44,40010,5,31587,0,0,0,26,0,26,0,NaN
44,40010,6,31920,0,0,0,68,0,68,0,NaN
44,40010,7,32145,0,0,0,28,0,28,0,NaN
44,40010,8,32486,0,0,0,113,0,113,0,NaN
44,40010,9,32796,0,0,0,0,0,0,0,NaN
44,40010,10,33118,0,0,0,0,0,0,0,NaN
44,40010,11,33354,0,0,0,0,0,0,0,NaN
44,40010,12,33588,0,0,0,0,0,0,0,NaN
44,40010,13,33744,0,0,0,0,0,0,0,NaN
44,40010,14,34078,0,0,0,0,0,0,0,NaN
44,40010,15,34319,0,0,0,0,0,0,0,NaN
44,40010,16,34481,0,0,0,0,0,0,0,NaN
44,40010,17,34684,0,0,0,0,0,0,0,NaN
44,40010,18,34958,0,0,0,45,0,45,0,NaN
45,10011,1,30243,0,0,0,237,0,237,0,NaN
45,10011,2,30661,0,0,0,104,0,104,0,NaN
45,10011,3,30862,0,0,0,48,0,48,0,NaN
45,10011,4,31216,0,0,0,0,0,0,0,NaN
45,10011,5,31590,0,0,0,26,0,26,0,NaN
45,10011,6,31923,0,0,0,68,0,68,0,NaN
45,10011,7,32148,0,0,0,28,0,28,0,NaN
45,10011,8,32489,0,0,0,113,0,113,0,NaN
45,10011,9,32799,0,0,0,0,0,0,0,NaN
45,10011,10,33121,0,0,0,0,0,0,0,NaN
45,10011,11,33357,0,0,0,0,0,0,0,NaN
45,10011,12,33591,0,0,0,0,0,0,0,NaN
45,10011,13,33747,0,0,0,0,0,0,0,NaN
45,10011,14,34081,0,0,0,0,0,0,0,NaN
45,10011,15,34322,0,0,0,0,0,0,0,NaN
45,10011,16,34484,0,0,0,0,0,0,0,NaN
45,10011,17,34687,0,0,0,0,0,0,0,NaN
45,10011,18,34961,0,0,0,45,0,45,0,NaN
46,20011,1,30246,0,0,0,237,0,237,0,NaN
46,20011,2,30664,0,0,0,104,0,104,0,NaN
46,20011,3,30865,0,0,0,48,0,48,0,NaN
46,20011,4,31219,0,0,0,0,0,0,0,NaN
46,20011,5,31593,0,0,0,26,0,26,0,NaN
46,20011,6,31926,0,0,0,68,0,68,0,NaN
46,20011,7,32151,0,0,0,28,0,28,0,NaN
46,20011,8,32492,0,0,0,113,0,113,0,NaN
46,20011,9,32802,0,0,0,0,0,0,0,NaN
46,20011,10,33124,0,0,0,0,0,0,0,NaN
46,20011,11,33360,0,0,0,0,0,0,0,NaN
46,20011,12,33594,0,0,0,0,0,0,0,NaN
46,20011,13,33750,0,0,0,0,0,0,0,NaN
46,20011,14,34084,0,0,0,0,0,0,0,NaN
46,20011,15,34325,0,0,0,0,0,0,0,NaN
46,20011,16,34487,0,0,0,0,0,0,0,NaN
46,20011,17,34690,0,0,0,0,0,0,0,NaN
46,20011,18,34964,0,0,0,45,0,45,0,NaN
47,30011,1,35416,0,305,65,542,65,477,0,7627.4
47,30011,2,35834,0,38,22,142,22,120,0,8103.8
48,40011,1,35419,0,0,0,477,0,477,0,NaN
48,40011,2,35837,0,0,0,120,0,120,0,NaN
49,10012,1,35422,0,0,0,477,0,477,0,NaN
49,10012,2,35840,0,0,0,120,0,120,0,NaN
50,20012,1,35425,0,0,0,477,0,477,0,NaN
50,20012,2,35843,0,0,0,120,0,120,0,NaN
